result_id,recorded_date,experiment,deterministic_backbone,probabilistic_module,protocol,split,samples_or_events,ensemble_size,world_size,checkpoint_epoch,CRPS,CSI,CSI_pool4,CSI_pool16,HSS,MAE,MSE,SSIM,status,evidence,notes
R-000,2026/7/17,legacy deterministic baseline,compact_2d_unet,none,legacy-13to12@128,report_test,1466 events,1,,,7.372674,0.28741,,,0.36168,7.372674,,0.632822,completed,artifacts/server30537/metrics_deterministic_baseline.json,Historical legacy baseline; K=1 CRPS equals MAE
R-001,2026/7/17,legacy residual diffusion failure,compact_2d_unet,epsilon_residual_diffusion,legacy-13to12@128,report_test,1466 events,1,,,18.436913,0.000986,,,-0.000229,18.436913,,0.379393,completed,artifacts/server30537/metrics_report_test.json,Historical failure analysis; not comparable to current SDIR/U-DIP protocol
R-002,2026/7/19,deterministic DiffCast-compatible baseline,SDIR,none,5to20@128,test,5600,1,,,,0.242836,,,0.03234,0.004444,,,completed,artifacts/server30537/metrics_deterministic_diffcast_5to20.json,Historical full test; metrics file contains CSI/MAE/MSE only
R-003,2026/7/20,SDIR source full test,SDIR,none,5to20@128,test,5600,1,4,,7.512161,0.259213,,,0.336007,0.029459,0.004698,0.62157,completed,artifacts/server30537/test_metrics_sdir_5to20.json,Historical full test before the current 8-GPU U-DIP comparison
R-004,2026/7/20,B1 v-pred residual diffusion without inference guidance,SDIR,residual_diffusion_vpred,5to20@128,report_test,5600,8,8,35,5.984013,0.294096,0.308822,0.335645,0.380774,0.028922,0.004109,0.702224,completed,artifacts/remote30240/20260723/eval_residual_vpred_b1_formal_report_test_currentbest_noguided_20260721.json,Full report_test; current-best no-guidance checkpoint
R-005,2026/7/20,B1 v-pred residual diffusion with physics guidance,SDIR,residual_diffusion_vpred+physics_guidance,5to20@128,report_test,5600,8,8,45,5.841701,0.290457,0.304809,0.331659,0.37589,0.028072,0.004096,0.729655,completed,artifacts/remote30240/20260723/eval_residual_vpred_b1_formal_epoch45_guided_report_test_20260721.json,Full report_test; guidance improved CRPS/SSIM but reduced CSI
R-006,2026/7/21,PhyDNet deterministic reference,PhyDNet,none,5to20@128,report_test,5600,1,1,70,7.824252,0.269791,0.277409,0.297413,0.347121,0.030683,0.004413,0.70097,completed,artifacts/remote30240/20260723/eval_phydnet_pure_report_test_20260722.json,Full report_test
R-007,2026/7/21,PhyDNet universal probability,PhyDNet,universal_residual_diffusion,5to20@128,report_test,5600,8,4,70,6.387577,0.256778,0.276000,0.311024,0.329385,0.032985,0.00466,0.634814,completed,artifacts/remote30240/20260723/eval_phydnet_universal_report_test_ensemble8_20260722.json,Full report_test; CRPS and CSI_pool16 improved but CSI/HSS/SSIM declined
R-008,2026/7/22,SDIR deterministic full test,SDIR,none,5to20@128,report_test,5600,1,8,160,6.815712,0.304496,0.304929,0.319770,0.396627,0.026728,0.004219,0.748057,completed,remote:/test1/wzq/PhyRD/artifacts/evaluations/sdir_deterministic_test_full.json,Current formal comparison baseline
R-009,2026/7/22,SDIR plus U-DIP full test ensemble 4,SDIR,UDIP,5to20@128,report_test,5600,4,8,160,6.228691,0.291952,0.315490,0.349005,0.380321,0.030573,0.004416,0.654896,completed,remote:/test1/wzq/PhyRD/artifacts/evaluations/udip_test_full_e4_b8.json,Full test; pooled CSI improved but pixel CSI/HSS/SSIM declined
R-010,2026/7/22,SDIR plus U-DIP full test ensemble 1,SDIR,UDIP,5to20@128,report_test,5600,1,8,160,8.58732,0.280673,0.340585,0.429524,0.369887,0.033676,0.0054,0.631719,completed,C:\tmp\udip_test_full_e1_b8.json,Full test; single-member sanity comparison
R-011,2026/7/20,residual v-pred diffusion batch32 test epoch20,SDIR,residual_diffusion_vpred,5to20@128,test,5600,1,8,20,,0.284406,,,0.373489,0.030952,0.00468,0.676734,completed,artifacts/remote30240/20260723/eval_residual_vpred_bs32_best_test.json,Full 5600-sample test; K=1 evaluation
R-012,2026/7/20,residual v-pred diffusion batch32 test epoch60,SDIR,residual_diffusion_vpred,5to20@128,test,5600,1,8,60,,0.287998,,,0.378383,0.030956,0.004694,0.679283,completed,artifacts/remote30240/20260723/eval_residual_vpred_bs32_best_test_epoch40.json,Full 5600-sample test; K=1 evaluation
R-013,2026/7/21,B1 v-pred residual diffusion formal epoch30,SDIR,residual_diffusion_vpred,5to20@128,report_test,5600,8,8,30,5.855973,0.2932,,,0.38012,0.030003,0.00417,0.671329,completed,artifacts/remote30240/20260723/eval_residual_vpred_b1_formal_report_test_20260721.json,Full report_test checkpoint comparison
R-014,2026/7/21,B1 v-pred residual diffusion formal epoch35 guided,SDIR,residual_diffusion_vpred+physics_guidance,5to20@128,report_test,5600,8,8,35,5.985019,0.2942,,,0.380954,0.028926,0.00411,0.702096,completed,artifacts/remote30240/20260723/eval_residual_vpred_b1_formal_report_test_guided_20260721.json,Full report_test checkpoint comparison
R-015,2026/7/24,PhyDNet plus TrajRes-DF full test ensemble 10,PhyDNet,trajres_diffusion,5to20@128,report_test,5600,10,7,190,6.707285,0.254858,0.269329,0.300721,0.326172,0.034648,0.004812,0.524332,completed,remote:/test1/wzq/PhyRD/artifacts/experiments/phydnet_external_trajres_diffusion/20260723_224453/metrics/report_test_best_full.json,Full report_test; rejected because CSI/HSS/SSIM declined and qualitative output is visibly speckled
R-016,2026/7/27,PhyDNet plus Temporal Residual DiT joint b16,PhyDNet,temporal_residual_dit,5to20@128,report_test,5600,10,7,170,6.105930,0.278120,0.292213,0.322819,0.361097,0.029840,0.004555,0.722613,completed,remote:/test1/wzq/PhyRD/artifacts/experiments/phydnet_external_temporal_residual_dit_joint_ddp7_b16/20260726_000430/metrics/report_test_best_k10_ddp7_b8_progress.json,Full report_test with batch8 per rank and 7-GPU DDP; visual saved alongside metrics
R-017,2026/7/27,PhyDNet plus Temporal Residual DiT joint b16 K1,PhyDNet,temporal_residual_dit,5to20@128,report_test,5600,1,7,255,8.141253,0.278571,0.336073,0.422944,0.367464,0.031926,0.005329,0.699664,completed,remote:/test1/wzq/PhyRD/artifacts/experiments/phydnet_external_temporal_residual_dit_joint_ddp7_b16/20260726_000430/metrics/report_test_best_k1_ddp7_b16_progress.json,Full report_test with batch16 per rank and 7-GPU DDP; K1 visualization saved alongside metrics
R-018,2026/7/27,PhyDNet plus Temporal Residual DiT joint b16 K10 same epoch255,PhyDNet,temporal_residual_dit,5to20@128,report_test,5600,10,7,255,6.050114,0.282453,0.299673,0.334679,0.368022,0.029598,0.004658,0.734090,completed,remote:/test1/wzq/PhyRD/artifacts/experiments/phydnet_external_temporal_residual_dit_joint_ddp7_b16/20260726_000430/metrics/report_test_best_k10_epoch255_ddp7_b8_progress.json,Full report_test with batch8 per rank and 7-GPU DDP; same checkpoint as R-017 for fair K comparison
